540|2010-12-03 16:32:25.398146|2010-12-04 01:50:37.522730|9:18:12.124584|Home|1
542|2010-12-04 12:14:15.810854|2010-12-04 21:33:57.427277|9:19:41.616423|Home|1
543|2010-12-05 01:43:35.017316|2010-12-05 02:17:09.829318|0:33:34.812002|Home|1
544|2010-12-05 03:55:07.879072|2010-12-05 17:26:52.658276|13:31:44.779204|Home|1
545|2010-12-06 00:58:24.659803|2010-12-06 01:32:32.586627|0:34:07.926824|Home|1
547|2010-12-06 05:02:49.851759|2010-12-06 06:09:25.086963|1:06:35.235204|Conference/meeting|2
549|2010-12-06 15:36:01.047715|2010-12-07 01:57:13.236560|10:21:12.188845|Home|1
550|2010-12-07 01:57:22.012862|2010-12-07 04:48:52.411772|2:51:30.398910|Home|1
552|2010-12-07 13:23:37.278490|2010-12-07 16:56:58.747626|3:33:21.469136|Home|1
553|2010-12-08 01:48:06.851919|2010-12-08 03:19:08.016501|1:31:01.164582|Home|1
556|2010-12-08 08:38:17.071545|2010-12-08 09:30:39.434011|0:52:22.362466|Work|3
558|2010-12-08 14:53:50.384054|2010-12-08 16:57:33.389139|2:03:43.005085|Home|1
559|2010-12-09 00:57:58.788862|2010-12-09 04:12:03.130553|3:14:04.341691|Home|1
561|2010-12-09 13:30:05.819994|2010-12-10 02:43:12.558635|13:13:06.738641|Home|1
563|2010-12-10 13:13:08.399541|2010-12-10 16:39:29.618129|3:26:21.218588|Home|1
564|2010-12-11 02:46:27.732586|2010-12-11 12:18:39.761925|9:32:12.029339|Home|1
565|2010-12-11 12:18:45.920622|2010-12-12 02:46:08.030413|14:27:22.109791|Home|1
566|2010-12-12 06:56:05.863181|2010-12-12 12:46:39.270297|5:50:33.407116|Home|1
567|2010-12-12 12:46:48.280694|2010-12-13 03:42:01.864328|14:55:13.583634|Home|1
568|2010-12-13 05:16:35.091672|2010-12-13 06:39:35.593245|1:23:00.501573|Conference/meeting|2
570|2010-12-13 14:23:47.559623|2010-12-14 02:46:11.207394|12:22:23.647771|Home|1
571|2010-12-14 02:47:42.158354|2010-12-14 03:16:38.896115|0:28:56.737761|Home|1
573|2010-12-14 13:47:25.192202|2010-12-14 15:03:25.853750|1:16:00.661548|Home|1
574|2010-12-14 15:03:32.720377|2010-12-14 16:37:52.505628|1:34:19.785251|Home|1
575|2010-12-15 00:12:25.376486|2010-12-15 01:09:40.304776|0:57:14.928290|Home|1
576|2010-12-15 13:52:55.182108|2010-12-16 01:33:01.213836|11:40:06.031728|Home|1
577|2010-12-16 01:39:58.663415|2010-12-16 04:29:26.905740|2:49:28.242325|Home|1
579|2010-12-16 14:17:15.054753|2010-12-17 01:57:45.880136|11:40:30.825383|Home|1
580|2010-12-17 03:07:01.973093|2010-12-17 03:27:04.352903|0:20:02.379810|Home|1
582|2010-12-17 13:16:39.415808|2010-12-17 16:30:46.799265|3:14:07.383457|Home|1
583|2010-12-17 16:31:14.120038|2010-12-18 15:48:11.966396|23:16:57.846358|Home|1
584|2010-12-18 15:48:23.915537|2010-12-19 06:49:50.455427|15:01:26.539890|Home|1
585|2010-12-19 06:49:57.521680|2010-12-20 01:58:41.247113|19:08:43.725433|Home|1
586|2010-12-20 02:01:34.153854|2010-12-20 04:37:55.099292|2:36:20.945438|Home|1
587|2010-12-20 05:14:29.003941|2010-12-20 06:24:51.554222|1:10:22.550281|Conference/meeting|2
589|2010-12-20 14:09:02.015701|2010-12-20 16:54:19.629122|2:45:17.613421|Home|1
590|2010-12-20 16:55:22.267843|2010-12-21 04:39:25.529660|11:44:03.261817|Home|1
592|2010-12-21 08:28:13.736875|2010-12-21 09:11:35.775451|0:43:22.038576|Work|3
594|2010-12-21 13:50:46.707061|2010-12-21 17:43:50.414813|3:53:03.707752|Home|1
595|2010-12-21 17:44:11.650011|2010-12-22 01:33:38.423331|7:49:26.773320|Home|1
596|2010-12-22 01:33:42.665705|2010-12-22 02:22:09.174752|0:48:26.509047|Home|1
597|2010-12-22 03:51:33.345756|2010-12-22 04:28:21.514095|0:36:48.168339|Work|3
599|2010-12-22 13:43:46.544791|2010-12-22 16:20:48.043812|2:37:01.499021|Home|1
600|2010-12-22 16:21:07.118933|2010-12-23 14:55:51.796445|22:34:44.677512|Home|1
601|2010-12-23 14:56:03.968889|2010-12-24 01:44:56.425471|10:48:52.456582|Home|1
602|2010-12-24 01:46:12.978511|2010-12-24 02:50:41.993184|1:04:29.014673|Home|1
604|2010-12-24 11:49:19.674183|2010-12-25 02:14:57.026566|14:25:37.352383|Home|1
605|2010-12-25 02:15:06.396499|2010-12-25 04:49:12.887267|2:34:06.490768|Home|1
607|2010-12-25 09:50:38.152232|2010-12-25 11:41:29.181923|1:50:51.029691|Home|1
608|2010-12-25 11:41:33.802523|2010-12-25 16:10:32.424918|4:28:58.622395|Home|1
609|2010-12-26 01:33:46.033723|2010-12-27 01:08:19.809793|23:34:33.776070|Home|1
610|2010-12-27 01:08:31.952388|2010-12-27 01:58:37.916758|0:50:05.964370|Home|1
611|2010-12-27 01:58:55.188145|2010-12-27 04:11:57.286013|2:13:02.097868|Home|1
613|2010-12-27 12:24:05.362082|2010-12-29 03:26:29.254816|1 day, 15:02:23.892734|Home|1
615|2010-12-29 11:45:04.463363|2010-12-29 17:04:05.412584|5:19:00.949221|Home|1
616|2010-12-30 01:41:32.940231|2010-12-30 02:13:43.571948|0:32:10.631717|Home|1
617|2010-12-30 02:31:43.890963|2010-12-30 12:36:36.779165|10:04:52.888202|Home|1
618|2010-12-30 12:36:44.940626|2010-12-31 05:38:37.863141|17:01:52.922515|Home|1
619|2010-12-31 12:21:29.095816|2011-01-01 02:06:37.512644|13:45:08.416828|Home|1
620|2011-01-01 02:07:47.894984|2011-01-01 06:18:39.264625|4:10:51.369641|Home|1
621|2011-01-01 09:29:22.006226|2011-01-02 02:53:20.247877|17:23:58.241651|Home|1
622|2011-01-02 02:53:33.249407|2011-01-02 08:19:43.682715|5:26:10.433308|Home|1
623|2011-01-02 10:44:46.438742|2011-01-02 16:07:11.893993|5:22:25.455251|Home|1
624|2011-01-03 01:58:12.240490|2011-01-03 05:41:32.094538|3:43:19.854048|Home|1
626|2011-01-03 12:27:45.304025|2011-01-03 18:16:54.201950|5:49:08.897925|Home|1
627|2011-01-04 02:27:27.745671|2011-01-04 05:59:08.836445|3:31:41.090774|Home|1
629|2011-01-04 13:43:22.486400|2011-01-04 17:52:04.069051|4:08:41.582651|Home|1
630|2011-01-05 01:39:33.799895|2011-01-05 02:45:27.875570|1:05:54.075675|Home|1
631|2011-01-05 02:51:07.161941|2011-01-05 03:08:17.429529|0:17:10.267588|Home|1
633|2011-01-05 14:05:03.709058|2011-01-05 17:28:49.605275|3:23:45.896217|Home|1
634|2011-01-06 01:31:58.776147|2011-01-06 04:33:56.647693|3:01:57.871546|Home|1
636|2011-01-06 14:15:17.697161|2011-01-06 18:04:37.641717|3:49:19.944556|Home|1
637|2011-01-07 01:46:48.909208|2011-01-07 02:44:26.092006|0:57:37.182798|Home|1
639|2011-01-07 14:04:39.108519|2011-01-07 18:08:51.342781|4:04:12.234262|Home|1
640|2011-01-08 01:32:16.840556|2011-01-08 02:11:15.112158|0:38:58.271602|Home|1
641|2011-01-08 04:01:19.758584|2011-01-08 05:30:17.990618|1:28:58.232034|Home|1
643|2011-01-08 13:25:02.858718|2011-01-08 17:57:26.479563|4:32:23.620845|Home|1
644|2011-01-08 23:37:52.871555|2011-01-09 00:06:20.585994|0:28:27.714439|Home|1
645|2011-01-09 13:04:52.904978|2011-01-09 16:51:29.264907|3:46:36.359929|Home|1
646|2011-01-09 16:51:35.754761|2011-01-09 17:27:43.967324|0:36:08.212563|Home|1
647|2011-01-10 02:21:03.267671|2011-01-10 14:05:26.998397|11:44:23.730726|Home|1
648|2011-01-10 14:05:38.467993|2011-01-10 16:20:56.106804|2:15:17.638811|Home|1
649|2011-01-11 02:24:56.685535|2011-01-11 02:42:03.163351|0:17:06.477816|Home|1
651|2011-01-11 13:39:54.431365|2011-01-11 17:52:28.884720|4:12:34.453355|Home|1
652|2011-01-12 01:18:51.075494|2011-01-12 01:41:51.872657|0:23:00.797163|Home|1
654|2011-01-12 12:47:13.914758|2011-01-12 12:47:44.700272|0:00:30.785514|Home|1
655|2011-01-12 12:47:45.386256|2011-01-13 02:24:48.038530|13:37:02.652274|Home|1
656|2011-01-13 02:26:14.831293|2011-01-13 02:54:28.558250|0:28:13.726957|Home|1
658|2011-01-13 13:32:30.881171|2011-01-13 17:07:52.770409|3:35:21.889238|Home|1
659|2011-01-14 02:06:46.952258|2011-01-14 02:29:17.991832|0:22:31.039574|Home|1
661|2011-01-14 12:28:17.522071|2011-01-16 03:59:49.833582|1 day, 15:31:32.311511|Home|1
662|2011-01-16 08:31:09.914707|2011-01-16 10:32:03.690291|2:00:53.775584|Home|1
663|2011-01-16 13:13:52.653106|2011-01-16 15:14:55.145987|2:01:02.492881|Home|1
664|2011-01-16 16:01:59.268135|2011-01-17 02:35:23.282301|10:33:24.014166|Home|1
666|2011-01-17 05:18:06.930935|2011-01-17 05:54:30.960608|0:36:24.029673|Conference/meeting|2
668|2011-01-17 12:50:53.039991|2011-01-17 17:12:32.430269|4:21:39.390278|Home|1
669|2011-01-17 23:06:49.520839|2011-01-17 23:07:21.482026|0:00:31.961187|Home|1
670|2011-01-18 11:16:11.221584|2011-01-18 14:20:34.742387|3:04:23.520803|Home|1
671|2011-01-18 14:20:56.609028|2011-01-18 14:25:35.974413|0:04:39.365385|Home|1
672|2011-01-18 14:25:39.139081|2011-01-18 16:15:02.703437|1:49:23.564356|Home|1
673|2011-01-19 01:53:52.330358|2011-01-19 03:40:00.250528|1:46:07.920170|Home|1
675|2011-01-19 14:04:11.831987|2011-01-20 02:09:16.741355|12:05:04.909368|Home|1
676|2011-01-20 03:30:55.038296|2011-01-20 03:41:46.150193|0:10:51.111897|Conference/meeting|2
678|2011-01-20 12:32:20.570348|2011-01-21 01:35:51.380453|13:03:30.810105|Home|1
679|2011-01-21 01:35:52.760696|2011-01-21 01:45:50.288681|0:09:57.527985|Home|1
680|2011-01-21 03:47:40.835153|2011-01-21 21:24:51.601446|17:37:10.766293|Work|3
682|2011-01-22 04:51:46.400352|2011-01-22 06:15:12.125381|1:23:25.725029|Home|1
683|2011-01-22 11:29:57.882248|2011-01-22 15:39:14.217043|4:09:16.334795|Home|1
684|2011-01-22 15:39:20.065005|2011-01-22 21:33:52.991936|5:54:32.926931|Home|1
685|2011-01-22 21:33:57.188216|2011-01-23 08:22:09.719873|10:48:12.531657|Home|1
686|2011-01-23 08:22:18.548184|2011-01-23 13:04:37.932995|4:42:19.384811|Home|1
687|2011-01-23 13:04:40.562232|2011-01-23 13:06:34.218094|0:01:53.655862|Home|1
688|2011-01-23 13:06:43.661993|2011-01-23 17:59:25.703059|4:52:42.041066|Home|1
689|2011-01-23 17:59:32.225695|2011-01-24 02:32:22.584711|8:32:50.359016|Home|1
690|2011-01-24 04:05:46.484081|2011-01-24 13:14:06.369406|9:08:19.885325|Work|3
691|2011-01-24 14:25:00.232913|2011-01-24 16:25:17.590128|2:00:17.357215|Home|1
692|2011-01-24 16:25:28.249364|2011-01-25 02:14:32.890174|9:49:04.640810|Home|1
693|2011-01-25 02:14:41.203226|2011-01-25 03:09:27.068238|0:54:45.865012|Home|1
695|2011-01-25 13:13:20.235565|2011-01-25 15:34:19.376264|2:20:59.140699|Home|1
696|2011-01-25 15:34:33.017443|2011-01-26 05:07:04.492186|13:32:31.474743|Home|1
698|2011-01-26 07:40:33.884874|2011-01-26 07:43:54.903266|0:03:21.018392|Work|3
700|2011-01-26 13:12:55.752688|2011-01-26 14:25:02.152419|1:12:06.399731|Home|1
701|2011-01-26 17:13:01.064985|2011-01-27 02:21:02.388339|9:08:01.323354|Home|1
703|2011-01-27 13:37:09.217632|2011-01-27 15:23:26.205719|1:46:16.988087|Home|1
704|2011-01-27 15:23:41.339306|2011-01-27 16:25:46.908835|1:02:05.569529|Home|1
705|2011-01-27 16:25:49.585385|2011-01-28 02:07:22.931243|9:41:33.345858|Home|1
706|2011-01-28 02:38:46.454731|2011-01-28 04:05:20.915922|1:26:34.461191|Home|1
708|2011-01-28 13:20:45.128408|2011-01-28 13:45:27.618235|0:24:42.489827|Home|1
709|2011-01-28 13:46:03.695150|2011-01-29 06:22:48.063386|16:36:44.368236|Home|1
710|2011-01-29 06:23:00.372943|2011-01-30 01:10:54.110572|18:47:53.737629|Home|1
711|2011-01-30 01:11:02.559919|2011-01-30 13:37:13.334256|12:26:10.774337|Home|1
713|2011-01-31 13:48:05.514471|2011-01-31 16:22:49.371339|2:34:43.856868|Home|1
714|2011-01-31 16:23:41.984466|2011-02-01 00:42:32.833747|8:18:50.849281|Home|1
715|2011-02-01 00:42:33.278470|2011-02-01 11:45:03.004415|11:02:29.725945|Home|1
716|2011-02-01 11:45:43.302373|2011-02-01 11:45:43.472366|0:00:00.169993|Home|1
717|2011-02-01 11:45:46.582320|2011-02-02 02:40:34.118322|14:54:47.536002|Home|1
718|2011-02-02 02:43:25.062378|2011-02-02 04:21:45.236297|1:38:20.173919|Home|1
720|2011-02-02 11:37:47.179372|2011-02-02 11:42:48.252319|0:05:01.072947|Work|3
721|2011-02-02 12:20:21.805059|2011-02-03 01:25:31.888771|13:05:10.083712|Home|1
722|2011-02-03 01:26:26.795821|2011-02-03 06:18:41.793381|4:52:14.997560|Home|1
724|2011-02-03 07:32:24.570042|2011-02-03 07:49:02.441114|0:16:37.871072|Work|3
726|2011-02-03 07:56:34.695282|2011-02-03 08:01:46.945556|0:05:12.250274|Work|3
728|2011-02-03 08:04:49.615849|2011-02-03 08:07:08.161260|0:02:18.545411|Work|3
730|2011-02-03 08:18:17.099147|2011-02-03 08:19:15.538905|0:00:58.439758|Work|3
732|2011-02-03 09:19:25.050630|2011-02-03 10:25:54.961364|1:06:29.910734|Work|3
734|2011-02-03 11:17:12.528266|2011-02-03 11:17:42.681064|0:00:30.152798|Work|3
736|2011-02-03 14:25:38.035126|2011-02-03 14:36:06.717245|0:10:28.682119|Home|1
737|2011-02-03 14:36:53.314853|2011-02-03 23:05:28.213615|8:28:34.898762|Home|1
738|2011-02-04 05:44:37.040267|2011-02-04 06:26:46.746039|0:42:09.705772|Home|1
740|2011-02-04 09:33:42.219768|2011-02-04 09:49:36.884040|0:15:54.664272|Work|3
742|2011-02-04 12:40:10.544559|2011-02-05 01:54:02.182679|13:13:51.638120|Home|1
743|2011-02-05 01:54:10.432091|2011-02-05 05:13:25.431468|3:19:14.999377|Home|1
745|2011-02-05 08:56:56.232029|2011-02-06 02:18:54.162194|17:21:57.930165|Home|1
746|2011-02-06 02:19:00.287559|2011-02-06 07:27:46.812842|5:08:46.525283|Home|1
747|2011-02-06 07:27:54.738215|2011-02-07 01:26:00.626242|17:58:05.888027|Home|1
748|2011-02-07 01:29:33.144770|2011-02-07 04:31:39.187003|3:02:06.042233|Home|1
750|2011-02-07 05:31:01.103955|2011-02-07 05:52:32.283319|0:21:31.179364|Work|3
752|2011-02-07 06:51:54.078185|2011-02-07 06:54:41.064014|0:02:46.985829|Work|3
754|2011-02-07 09:20:43.496955|2011-02-07 13:53:39.727430|4:32:56.230475|Home|1
755|2011-02-07 13:53:42.928533|2011-02-07 15:53:38.843874|1:59:55.915341|Home|1
756|2011-02-07 15:54:12.572965|2011-02-07 23:08:25.626950|7:14:13.053985|Home|1
757|2011-02-08 08:58:25.396909|2011-02-08 15:28:01.147286|6:29:35.750377|Home|1
758|2011-02-08 15:32:41.883478|2011-02-09 01:54:22.912537|10:21:41.029059|Home|1
759|2011-02-09 01:54:26.529950|2011-02-09 03:14:27.130280|1:20:00.600330|Home|1
761|2011-02-09 05:23:43.703884|2011-02-09 05:34:01.799310|0:10:18.095426|Work|3
763|2011-02-09 06:04:29.442904|2011-02-09 06:05:55.439750|0:01:25.996846|Work|3
765|2011-02-09 06:08:23.444161|2011-02-09 06:08:42.111950|0:00:18.667789|Work|3
767|2011-02-09 11:40:35.159035|2011-02-09 12:09:06.722245|0:28:31.563210|Work|3
768|2011-02-09 13:44:42.865328|2011-02-09 22:34:00.901815|8:49:18.036487|Home|1
769|2011-02-09 22:34:08.538033|2011-02-09 23:13:52.531978|0:39:43.993945|Home|1
770|2011-02-10 05:40:08.745877|2011-02-10 06:07:58.230147|0:27:49.484270|Home|1
772|2011-02-10 07:59:20.179238|2011-02-10 08:00:49.286875|0:01:29.107637|Work|3
774|2011-02-10 13:34:52.618865|2011-02-10 16:22:29.355866|2:47:36.737001|Home|1
775|2011-02-11 02:53:06.106882|2011-02-11 17:34:38.879695|14:41:32.772813|Home|1
776|2011-02-12 01:59:08.953917|2011-02-12 05:21:48.661064|3:22:39.707147|Home|1
777|2011-02-12 05:21:57.634783|2011-02-12 16:42:24.407519|11:20:26.772736|Home|1
778|2011-02-13 01:16:58.808536|2011-02-13 05:30:15.752992|4:13:16.944456|Home|1
779|2011-02-13 05:30:22.122164|2011-02-13 09:05:56.144732|3:35:34.022568|Home|1
780|2011-02-13 09:08:48.089383|2011-02-14 01:40:23.496220|16:31:35.406837|Home|1
781|2011-02-14 01:40:48.842091|2011-02-14 01:58:56.116381|0:18:07.274290|Home|1
783|2011-02-14 09:38:28.900883|2011-02-14 09:47:18.627123|0:08:49.726240|Work|3
785|2011-02-14 11:21:47.860308|2011-02-14 11:22:37.662441|0:00:49.802133|Work|3
787|2011-02-14 13:27:58.378523|2011-02-14 22:02:08.786978|8:34:10.408455|Home|1
788|2011-02-14 22:02:14.640956|2011-02-14 23:08:39.979521|1:06:25.338565|Home|1
789|2011-02-15 05:17:38.920987|2011-02-15 06:29:43.416822|1:12:04.495835|Home|1
791|2011-02-15 08:10:18.056491|2011-02-15 09:18:30.765402|1:08:12.708911|Work|3
793|2011-02-15 10:41:41.243954|2011-02-15 10:46:53.931368|0:05:12.687414|Work|3
795|2011-02-15 11:03:05.948253|2011-02-15 11:03:46.723734|0:00:40.775481|Work|3
797|2011-02-15 14:12:50.626925|2011-02-15 16:48:51.201202|2:36:00.574277|Home|1
798|2011-02-16 01:22:09.334125|2011-02-16 01:40:04.907580|0:17:55.573455|Home|1
799|2011-02-16 01:40:27.444638|2011-02-16 04:01:18.484005|2:20:51.039367|Home|1
801|2011-02-16 12:50:56.492537|2011-02-16 12:56:47.669124|0:05:51.176587|Work|3
802|2011-02-16 13:34:44.736441|2011-02-16 23:43:24.142832|10:08:39.406391|Home|1
803|2011-02-17 06:09:20.403577|2011-02-17 06:38:46.808419|0:29:26.404842|Home|1
805|2011-02-17 09:29:03.920060|2011-02-17 09:30:44.647519|0:01:40.727459|Work|3
807|2011-02-17 11:05:43.760468|2011-02-17 12:33:03.610151|1:27:19.849683|Work|3
809|2011-02-17 13:35:56.860944|2011-02-17 13:46:30.541647|0:10:33.680703|Home|1
810|2011-02-17 13:46:33.277682|2011-02-17 16:37:03.973325|2:50:30.695643|Home|1
811|2011-02-18 01:55:51.604540|2011-02-18 03:25:25.249248|1:29:33.644708|Home|1
813|2011-02-18 08:42:18.263888|2011-02-18 12:52:38.569708|4:10:20.305820|Work|3
814|2011-02-18 13:24:35.928618|2011-02-18 15:31:59.450747|2:07:23.522129|Home|1
815|2011-02-19 01:35:42.990006|2011-02-19 02:53:34.685723|1:17:51.695717|Home|1
816|2011-02-19 02:53:46.918124|2011-02-19 04:21:19.041461|1:27:32.123337|Home|1
818|2011-02-19 07:28:43.121561|2011-02-19 10:34:31.754984|3:05:48.633423|Work|3
820|2011-02-19 12:04:58.765317|2011-02-19 17:18:06.532897|5:13:07.767580|Home|1
821|2011-02-20 01:45:08.653546|2011-02-20 02:22:25.691984|0:37:17.038438|Home|1
822|2011-02-20 02:22:45.609296|2011-02-20 09:51:24.776247|7:28:39.166951|Home|1
823|2011-02-20 09:53:17.469520|2011-02-21 00:41:00.488874|14:47:43.019354|Home|1
825|2011-02-21 07:37:35.620903|2011-02-21 13:19:33.561886|5:41:57.940983|Work|3
826|2011-02-21 13:49:54.162523|2011-02-21 23:48:54.959300|9:59:00.796777|Home|1
827|2011-02-22 01:36:12.070774|2011-02-22 03:33:06.154953|1:56:54.084179|Other checked|4
828|2011-02-22 05:11:22.202795|2011-02-22 06:02:10.400689|0:50:48.197894|Home|1
830|2011-02-22 12:38:44.390916|2011-02-22 17:59:21.035826|5:20:36.644910|Home|1
831|2011-02-23 01:53:42.776204|2011-02-23 04:37:29.073185|2:43:46.296981|Home|1
833|2011-02-23 08:51:31.248047|2011-02-23 12:45:17.761217|3:53:46.513170|Work|3
834|2011-02-23 13:24:29.065190|2011-02-23 16:26:05.386831|3:01:36.321641|Home|1
835|2011-02-23 23:27:41.080690|2011-02-23 23:44:25.640767|0:16:44.560077|Home|1
836|2011-02-24 08:25:34.024251|2011-02-24 17:42:36.224878|9:17:02.200627|Home|1
837|2011-02-25 02:26:16.551440|2011-02-25 03:40:57.757367|1:14:41.205927|Home|1
839|2011-02-25 05:24:54.401314|2011-02-25 11:52:41.615652|6:27:47.214338|Work|3
840|2011-02-25 12:30:25.006879|2011-02-25 16:52:51.097411|4:22:26.090532|Home|1
841|2011-02-26 02:24:23.116455|2011-02-26 05:15:17.538863|2:50:54.422408|Home|1
842|2011-02-26 05:15:51.828251|2011-02-26 05:57:39.793507|0:41:47.965256|Home|1
844|2011-02-26 09:04:22.329552|2011-02-26 11:07:24.100041|2:03:01.770489|Work|3
845|2011-02-26 12:43:34.333630|2011-02-26 17:36:33.195155|4:52:58.861525|Home|1
846|2011-02-27 02:29:57.977277|2011-02-27 06:37:02.011846|4:07:04.034569|Home|1
847|2011-02-27 06:37:02.733213|2011-02-27 13:20:24.769856|6:43:22.036643|Home|1
848|2011-02-27 13:20:43.055176|2011-02-28 02:01:07.029688|12:40:23.974512|Home|1
849|2011-02-28 02:01:17.229880|2011-02-28 02:27:20.349218|0:26:03.119338|Home|1
851|2011-02-28 04:01:04.122627|2011-02-28 12:53:12.303327|8:52:08.180700|Work|3
852|2011-02-28 13:55:44.157245|2011-02-28 22:05:33.134499|8:09:48.977254|Home|1
853|2011-02-28 22:05:40.473305|2011-02-28 23:21:24.041054|1:15:43.567749|Home|1
854|2011-03-01 01:40:47.140372|2011-03-01 01:42:45.686406|0:01:58.546034|Other checked|4
855|2011-03-01 02:17:12.349484|2011-03-01 03:44:31.070073|1:27:18.720589|Other checked|4
856|2011-03-01 08:08:58.956666|2011-03-02 02:47:48.333714|18:38:49.377048|Home|1
858|2011-03-02 05:47:55.301112|2011-03-02 12:50:25.250845|7:02:29.949733|Work|3
859|2011-03-02 13:29:22.291213|2011-03-02 17:19:18.498371|3:49:56.207158|Home|1
860|2011-03-03 02:13:37.963401|2011-03-03 03:10:22.549179|0:56:44.585778|Home|1
862|2011-03-03 04:51:23.066206|2011-03-03 12:00:37.512338|7:09:14.446132|Work|3
863|2011-03-03 13:01:33.060133|2011-03-04 02:36:48.474218|13:35:15.414085|Home|1
864|2011-03-04 02:36:51.811125|2011-03-04 02:37:15.729774|0:00:23.918649|Home|1
865|2011-03-04 02:37:23.953604|2011-03-04 03:57:35.635565|1:20:11.681961|Home|1
867|2011-03-04 05:04:20.352460|2011-03-04 09:13:16.002760|4:08:55.650300|Work|3
869|2011-03-04 13:08:00.112442|2011-03-04 17:45:00.373994|4:37:00.261552|Home|1
870|2011-03-05 02:17:05.278503|2011-03-05 02:33:00.234926|0:15:54.956423|Home|1
871|2011-03-05 02:37:08.496144|2011-03-05 04:51:16.829256|2:14:08.333112|Home|1
873|2011-03-05 09:20:54.177107|2011-03-07 02:14:57.929591|1 day, 16:54:03.752484|Home|1
875|2011-03-07 05:03:45.249668|2011-03-07 12:35:07.909253|7:31:22.659585|Work|3
876|2011-03-07 13:42:37.086063|2011-03-07 16:48:09.639019|3:05:32.552956|Home|1
877|2011-03-07 22:28:33.002570|2011-03-07 22:46:15.398887|0:17:42.396317|Home|1
878|2011-03-08 08:48:21.346028|2011-03-08 12:19:52.809829|3:31:31.463801|Home|1
879|2011-03-08 12:21:02.252854|2011-03-09 00:53:08.892280|12:32:06.639426|Home|1
880|2011-03-09 00:53:10.249842|2011-03-09 02:45:37.871850|1:52:27.622008|Home|1
881|2011-03-09 02:45:48.919318|2011-03-09 04:46:02.408908|2:00:13.489590|Home|1
883|2011-03-09 12:09:03.498050|2011-03-09 12:11:37.899783|0:02:34.401733|Work|3
885|2011-03-09 13:46:36.607847|2011-03-09 17:56:15.561572|4:09:38.953725|Home|1
886|2011-03-10 01:50:55.883033|2011-03-10 03:50:59.781739|2:00:03.898706|Home|1
888|2011-03-10 05:21:08.429598|2011-03-10 07:45:12.334153|2:24:03.904555|Work|3
890|2011-03-10 08:28:24.504659|2011-03-10 09:39:13.721871|1:10:49.217212|Work|3
892|2011-03-10 13:43:26.396033|2011-03-10 17:47:39.666657|4:04:13.270624|Home|1
893|2011-03-11 01:23:59.918415|2011-03-11 02:17:56.319124|0:53:56.400709|Home|1
894|2011-03-11 03:01:43.258536|2011-03-11 03:50:44.763099|0:49:01.504563|Home|1
895|2011-03-11 04:33:38.969981|2011-03-11 06:59:02.344179|2:25:23.374198|Work|3
896|2011-03-11 07:39:19.021631|2011-03-11 13:08:55.898235|5:29:36.876604|Home|1
897|2011-03-11 14:23:18.515734|2011-03-11 15:13:16.374292|0:49:57.858558|Home|1
898|2011-03-11 23:56:42.749973|2011-03-13 08:55:52.631777|1 day, 8:59:09.881804|Home|1
899|2011-03-13 08:56:20.310067|2011-03-13 21:26:21.085217|12:30:00.775150|Home|1
900|2011-03-14 01:08:38.715125|2011-03-14 01:41:29.265899|0:32:50.550774|Home|1
901|2011-03-14 03:44:08.354446|2011-03-14 07:39:25.304996|3:55:16.950550|Other checked|4
902|2011-03-14 08:24:23.887820|2011-03-15 01:27:57.182512|17:03:33.294692|Home|1
903|2011-03-15 01:28:08.691761|2011-03-15 08:01:47.626416|6:33:38.934655|Home|1
904|2011-03-15 10:58:51.387958|2011-03-16 00:50:15.016537|13:51:23.628579|Home|1
905|2011-03-16 14:35:42.698455|2011-03-17 01:46:47.793586|11:11:05.095131|Home|1
906|2011-03-17 02:35:14.286601|2011-03-17 02:35:15.405989|0:00:01.119388|Other checked|4
907|2011-03-17 02:35:15.746211|2011-03-17 03:14:00.748250|0:38:45.002039|Other checked|4
908|2011-03-17 03:25:39.834177|2011-03-17 03:25:43.621993|0:00:03.787816|Other checked|4
909|2011-03-17 03:25:43.855921|2011-03-17 05:07:43.655359|1:41:59.799438|Other checked|4
911|2011-03-17 05:09:58.090075|2011-03-17 05:12:05.080810|0:02:06.990735|Other checked|4
914|2011-03-17 05:19:35.936450|2011-03-17 05:21:24.832946|0:01:48.896496|Other checked|4
915|2011-03-17 05:21:26.961741|2011-03-17 09:24:24.035130|4:02:57.073389|Other checked|4
916|2011-03-17 12:40:00.282509|2011-03-17 23:08:16.333175|10:28:16.050666|Home|1
917|2011-03-18 01:55:07.328095|2011-03-18 02:46:37.172696|0:51:29.844601|Home|1
922|2011-03-18 12:44:36.353011|2011-03-19 05:55:32.781635|17:10:56.428624|Home|1
923|2011-03-19 08:45:02.604266|2011-03-20 08:46:49.111650|1 day, 0:01:46.507384|Home|1
924|2011-03-20 10:53:52.169653|2011-03-20 16:38:18.165759|5:44:25.996106|Home|1
925|2011-03-20 18:54:04.733508|2011-03-21 04:50:57.648133|9:56:52.914625|Home|1
926|2011-03-21 06:43:07.319669|2011-03-21 23:33:49.806324|16:50:42.486655|Home|1
927|2011-03-22 05:55:13.804928|2011-03-22 06:09:15.735642|0:14:01.930714|Home|1
931|2011-03-22 14:10:52.125081|2011-03-23 00:54:47.807304|10:43:55.682223|Home|1
932|2011-03-23 07:03:50.701889|2011-03-23 07:16:29.780786|0:12:39.078897|Home|1
933|2011-03-23 11:03:56.333554|2011-03-24 03:05:25.856203|16:01:29.522649|Home|1
936|2011-03-24 12:36:21.200524|2011-03-25 00:42:33.401356|12:06:12.200832|Home|1
937|2011-03-25 00:46:16.641829|2011-03-25 02:37:42.218278|1:51:25.576449|Home|1
940|2011-03-25 10:13:11.787511|2011-03-25 10:30:02.257367|0:16:50.469856|Home|1
941|2011-03-26 13:46:23.678468|2011-03-28 00:43:25.188700|1 day, 10:57:01.510232|Home|1
942|2011-03-28 07:48:39.428621|2011-03-28 08:37:22.127393|0:48:42.698772|Home|1
944|2011-03-28 13:37:07.674635|2011-03-29 02:11:52.673638|12:34:44.999003|Home|1
945|2011-03-29 02:15:13.537225|2011-03-29 04:40:18.039038|2:25:04.501813|Home|1
947|2011-03-29 13:36:06.630542|2011-03-30 04:39:44.756832|15:03:38.126290|Home|1
949|2011-04-01 03:35:45.868932|2011-04-01 04:23:35.638697|0:47:49.769765|Home|1
953|2011-04-01 13:47:07.352364|2011-04-02 07:22:41.678426|17:35:34.326062|Home|1
954|2011-04-02 07:22:54.287251|2011-04-02 16:10:04.700904|8:47:10.413653|Home|1
955|2011-04-02 16:10:08.127952|2011-04-03 02:25:48.203479|10:15:40.075527|Home|1
956|2011-04-03 09:47:58.260724|2011-04-04 02:35:00.419990|16:47:02.159266|Home|1
957|2011-04-04 02:45:38.498818|2011-04-04 04:39:25.390039|1:53:46.891221|Home|1
959|2011-04-04 13:36:12.679429|2011-04-05 03:36:07.196115|13:59:54.516686|Home|1
960|2011-04-05 03:37:05.691014|2011-04-05 06:00:20.602218|2:23:14.911204|Home|1
962|2011-04-05 13:47:30.110693|2011-04-05 18:09:07.263685|4:21:37.152992|Home|1
963|2011-04-05 23:08:15.311176|2011-04-06 01:03:33.124730|1:55:17.813554|Home|1
964|2011-04-06 10:28:13.967467|2011-04-07 04:41:49.065486|18:13:35.098019|Home|1
966|2011-04-07 13:39:51.293767|2011-04-08 04:22:27.441426|14:42:36.147659|Home|1
970|2011-04-08 13:46:34.106720|2011-04-09 03:50:49.843792|14:04:15.737072|Home|1
971|2011-04-09 03:51:03.480542|2011-04-09 05:45:08.406871|1:54:04.926329|Home|1
972|2011-04-09 05:45:37.961480|2011-04-10 01:20:15.284465|19:34:37.322985|Home|1
974|2011-04-10 03:04:27.875557|2011-04-10 03:04:52.813860|0:00:24.938303|Other checked|4
976|2011-04-10 05:35:49.292900|2011-04-10 05:51:30.026322|0:15:40.733422|Other checked|4
983|2011-04-11 02:40:01.287304|2011-04-11 06:35:43.824243|3:55:42.536939|Other checked|4
987|2011-04-12 05:34:16.476297|2011-04-12 06:25:14.865386|0:50:58.389089|Other checked|4
988|2011-04-12 09:46:38.378990|2011-04-12 09:47:42.731382|0:01:04.352392|Other checked|4
989|2011-04-12 09:48:10.232969|2011-04-12 09:55:18.625509|0:07:08.392540|Other checked|4
991|2011-04-13 04:22:14.143814|2011-04-13 05:13:13.312104|0:50:59.168290|Other checked|4
1004|2011-04-16 03:21:25.183560|2011-04-16 03:32:49.071628|0:11:23.888068|Other checked|4
1006|2011-04-16 11:22:15.125432|2011-04-16 21:25:10.257993|10:02:55.132561|Home|1
1007|2011-04-17 19:29:43.459580|2011-04-18 00:52:24.869437|5:22:41.409857|Home|1
1009|2011-04-18 14:38:26.526765|2011-04-19 01:15:29.362136|10:37:02.835371|Home|1
1011|2011-04-19 14:33:25.732100|2011-04-20 00:24:38.072682|9:51:12.340582|Home|1
1012|2011-04-20 10:08:25.485198|2011-04-21 04:29:23.407429|18:20:57.922231|Home|1
1014|2011-04-21 13:45:28.865797|2011-04-22 06:08:14.910090|16:22:46.044293|Home|1
1016|2011-04-22 13:45:21.704287|2011-04-25 00:49:52.510706|2 days, 11:04:30.806419|Home|1
1018|2011-04-25 14:22:35.000794|2011-04-26 01:03:47.660864|10:41:12.660070|Home|1
1020|2011-04-26 14:33:43.411262|2011-04-27 03:01:25.659594|12:27:42.248332|Home|1
1022|2011-04-27 12:04:15.865113|2011-04-27 14:14:26.398645|2:10:10.533532|Home|1
1023|2011-04-27 14:15:07.645354|2011-04-27 14:15:35.990940|0:00:28.345586|Home|1
1024|2011-04-27 14:15:58.639436|2011-04-27 16:16:32.185112|2:00:33.545676|Home|1
1025|2011-04-27 18:16:04.262802|2011-04-28 03:24:15.524971|9:08:11.262169|Home|1
1026|2011-04-28 05:22:51.351551|2011-04-28 07:33:17.390331|2:10:26.038780|Other checked|4
1028|2011-04-28 08:08:33.823682|2011-04-28 14:00:59.632183|5:52:25.808501|Other checked|4
1029|2011-04-28 15:35:57.553812|2011-04-28 16:28:25.747180|0:52:28.193368|Home|1
1030|2011-04-28 16:28:38.140185|2011-04-28 23:54:30.392415|7:25:52.252230|Home|1
1031|2011-04-29 01:46:53.210548|2011-04-29 08:17:53.312009|6:31:00.101461|Other checked|4
1032|2011-04-29 10:34:36.124850|2011-04-29 17:27:39.319572|6:53:03.194722|Home|1
1033|2011-04-29 17:28:16.417648|2011-04-29 17:54:11.903499|0:25:55.485851|Home|1
1034|2011-04-29 17:54:21.103648|2011-04-29 17:54:30.505854|0:00:09.402206|Home|1
1035|2011-04-29 17:54:32.424231|2011-04-30 14:54:32.177914|20:59:59.753683|Home|1
1036|2011-04-30 16:59:44.597568|2011-04-30 18:27:49.141550|1:28:04.543982|Home|1
1037|2011-04-30 18:28:07.054940|2011-04-30 18:31:19.420735|0:03:12.365795|Home|1
1038|2011-04-30 18:31:19.892547|2011-04-30 18:35:03.382650|0:03:43.490103|Home|1
1039|2011-04-30 18:35:43.107940|2011-04-30 18:39:22.452277|0:03:39.344337|Home|1
1040|2011-04-30 18:39:25.063018|2011-05-02 05:59:20.055513|1 day, 11:19:54.992495|Home|1
